learning evaluation instances,evaluation time (cpu seconds),model cost (RAM-Hours),classified instances,mean absolute error,root mean squared error,model training instances,model serialized size (bytes),tree size (nodes),tree size (leaves),active learning leaves,tree depth,active leaf byte size estimate,inactive leaf byte size estimate,byte size estimate overhead
10000.0,0.359375,0.0,1000.0,0.09852811525070189,0.16727237256006322,10000.0,0.0,15.0,8.0,8.0,5.0,0.0,0.0,1.0
20000.0,0.578125,0.0,1000.0,0.09228101705009804,0.1501606529715978,20000.0,0.0,19.0,10.0,10.0,6.0,0.0,0.0,1.0
30000.0,0.71875,0.0,1000.0,0.09229325900831518,0.1525856812237166,30000.0,0.0,21.0,11.0,11.0,6.0,0.0,0.0,1.0
40000.0,0.875,0.0,1000.0,0.09470341453430073,0.14935819629892982,40000.0,0.0,27.0,14.0,14.0,6.0,0.0,0.0,1.0
50000.0,1.078125,0.0,1000.0,0.09281081770246229,0.15473670178093152,50000.0,0.0,31.0,16.0,16.0,7.0,0.0,0.0,1.0
60000.0,1.25,0.0,1000.0,0.08989109834726569,0.15366592350850403,60000.0,0.0,37.0,19.0,19.0,7.0,0.0,0.0,1.0
70000.0,1.390625,0.0,1000.0,0.0987466212666918,0.16463213600579002,70000.0,0.0,41.0,21.0,21.0,7.0,0.0,0.0,1.0
80000.0,1.53125,0.0,1000.0,0.08490866227290397,0.14277882603233633,80000.0,0.0,47.0,24.0,24.0,8.0,0.0,0.0,1.0
90000.0,1.65625,0.0,1000.0,0.08725802532301613,0.13797859421141523,90000.0,0.0,51.0,26.0,26.0,8.0,0.0,0.0,1.0
100000.0,1.796875,0.0,1000.0,0.09294838683346573,0.16185228630473672,100000.0,0.0,53.0,27.0,27.0,8.0,0.0,0.0,1.0
110000.0,1.953125,0.0,1000.0,0.08591248116853155,0.14479867521831782,110000.0,0.0,53.0,27.0,27.0,8.0,0.0,0.0,1.0
120000.0,2.15625,0.0,1000.0,0.09304820135666278,0.15752543941380528,120000.0,0.0,61.0,31.0,31.0,9.0,0.0,0.0,1.0
130000.0,2.296875,0.0,1000.0,0.09029980185052365,0.15125526072469017,130000.0,0.0,67.0,34.0,34.0,9.0,0.0,0.0,1.0
140000.0,2.453125,0.0,1000.0,0.08692952348778041,0.14283497361899664,140000.0,0.0,73.0,37.0,37.0,9.0,0.0,0.0,1.0
150000.0,2.59375,0.0,1000.0,0.08808830884300868,0.14810926514591125,150000.0,0.0,75.0,38.0,38.0,9.0,0.0,0.0,1.0
160000.0,2.75,0.0,1000.0,0.08438650814925205,0.144042260627491,160000.0,0.0,79.0,40.0,40.0,9.0,0.0,0.0,1.0
170000.0,2.96875,0.0,1000.0,0.08821918583126151,0.14928544257599202,170000.0,0.0,83.0,42.0,42.0,9.0,0.0,0.0,1.0
180000.0,3.171875,0.0,1000.0,0.08941305365668104,0.14812229524461715,180000.0,0.0,87.0,44.0,44.0,10.0,0.0,0.0,1.0
190000.0,3.375,0.0,1000.0,0.08491628154717272,0.146514399587279,190000.0,0.0,95.0,48.0,48.0,10.0,0.0,0.0,1.0
200000.0,3.53125,0.0,1000.0,0.08743886306277386,0.14915697684460158,200000.0,0.0,97.0,49.0,49.0,10.0,0.0,0.0,1.0
210000.0,3.671875,0.0,1000.0,0.08616846477096154,0.14830572557446953,210000.0,0.0,99.0,50.0,50.0,10.0,0.0,0.0,1.0
220000.0,3.828125,0.0,1000.0,0.08956020436723906,0.15129842199668742,220000.0,0.0,99.0,50.0,50.0,10.0,0.0,0.0,1.0
230000.0,3.96875,0.0,1000.0,0.08200798035154001,0.13145514302313357,230000.0,0.0,101.0,51.0,51.0,10.0,0.0,0.0,1.0
240000.0,4.140625,0.0,1000.0,0.08136585252420513,0.133631177146031,240000.0,0.0,105.0,53.0,53.0,10.0,0.0,0.0,1.0
250000.0,4.296875,0.0,1000.0,0.08878515282666469,0.15060094520120237,250000.0,0.0,113.0,57.0,57.0,11.0,0.0,0.0,1.0
260000.0,4.4375,0.0,1000.0,0.07962747338811488,0.13502380297804145,260000.0,0.0,121.0,61.0,61.0,11.0,0.0,0.0,1.0
270000.0,4.578125,0.0,1000.0,0.07888387298953439,0.13105776612568018,270000.0,0.0,125.0,63.0,63.0,11.0,0.0,0.0,1.0
280000.0,4.734375,0.0,1000.0,0.08509537881853751,0.14200835021610775,280000.0,0.0,135.0,68.0,68.0,11.0,0.0,0.0,1.0
290000.0,4.859375,0.0,1000.0,0.08428984751762002,0.1405320649901294,290000.0,0.0,141.0,71.0,71.0,11.0,0.0,0.0,1.0
300000.0,5.03125,0.0,1000.0,0.08898404599830902,0.15306367365849438,300000.0,0.0,143.0,72.0,72.0,11.0,0.0,0.0,1.0
310000.0,5.1875,0.0,1000.0,0.08220547899066956,0.13926752073902815,310000.0,0.0,149.0,75.0,75.0,11.0,0.0,0.0,1.0
320000.0,5.328125,0.0,1000.0,0.08536944529200696,0.14759147446922724,320000.0,0.0,151.0,76.0,76.0,11.0,0.0,0.0,1.0
330000.0,5.484375,0.0,1000.0,0.0832534246206096,0.1362299451341952,330000.0,0.0,155.0,78.0,78.0,11.0,0.0,0.0,1.0
340000.0,5.640625,0.0,1000.0,0.08370293458008865,0.14205664755170885,340000.0,0.0,157.0,79.0,79.0,11.0,0.0,0.0,1.0
350000.0,5.78125,0.0,1000.0,0.08333633592071021,0.14176096006491765,350000.0,0.0,161.0,81.0,81.0,12.0,0.0,0.0,1.0
360000.0,5.9375,0.0,1000.0,0.08480047747837685,0.1460679673599797,360000.0,0.0,165.0,83.0,83.0,12.0,0.0,0.0,1.0
370000.0,6.09375,0.0,1000.0,0.08639882067546442,0.14587547259232297,370000.0,0.0,169.0,85.0,85.0,12.0,0.0,0.0,1.0
380000.0,6.234375,0.0,1000.0,0.07855557797219644,0.1345237351870367,380000.0,0.0,177.0,89.0,89.0,12.0,0.0,0.0,1.0
390000.0,6.390625,0.0,1000.0,0.08569441474108319,0.14623701199475345,390000.0,0.0,179.0,90.0,90.0,12.0,0.0,0.0,1.0
400000.0,6.546875,0.0,1000.0,0.08577960562216629,0.15508896312764642,400000.0,0.0,183.0,92.0,92.0,12.0,0.0,0.0,1.0
410000.0,6.703125,0.0,1000.0,0.08847323413997397,0.1497768006244541,410000.0,0.0,185.0,93.0,93.0,12.0,0.0,0.0,1.0
420000.0,6.859375,0.0,1000.0,0.07958009405070485,0.12975471910700107,420000.0,0.0,191.0,96.0,96.0,12.0,0.0,0.0,1.0
430000.0,7.015625,0.0,1000.0,0.08129751200131473,0.13938900437466614,430000.0,0.0,199.0,100.0,100.0,12.0,0.0,0.0,1.0
440000.0,7.203125,0.0,1000.0,0.08116560222984635,0.13304985929126356,440000.0,0.0,205.0,103.0,103.0,12.0,0.0,0.0,1.0
450000.0,7.375,0.0,1000.0,0.08102527339747308,0.133299055324581,450000.0,0.0,207.0,104.0,104.0,12.0,0.0,0.0,1.0
460000.0,7.515625,0.0,1000.0,0.0787875929301366,0.13858398977088882,460000.0,0.0,207.0,104.0,104.0,12.0,0.0,0.0,1.0
470000.0,7.65625,0.0,1000.0,0.07866540382377962,0.12865477099328224,470000.0,0.0,211.0,106.0,106.0,12.0,0.0,0.0,1.0
480000.0,7.796875,0.0,1000.0,0.08310517782896551,0.1412630375966774,480000.0,0.0,217.0,109.0,109.0,12.0,0.0,0.0,1.0
490000.0,7.96875,0.0,1000.0,0.08367046165384867,0.14261753944713731,490000.0,0.0,221.0,111.0,111.0,12.0,0.0,0.0,1.0
500000.0,8.140625,0.0,1000.0,0.07754810939042978,0.13175041695422857,500000.0,0.0,221.0,111.0,111.0,12.0,0.0,0.0,1.0
510000.0,8.296875,0.0,1000.0,0.08224481423234771,0.1376987111989983,510000.0,0.0,229.0,115.0,115.0,12.0,0.0,0.0,1.0
520000.0,8.453125,0.0,1000.0,0.07993937897148036,0.1353020373062917,520000.0,0.0,237.0,119.0,119.0,13.0,0.0,0.0,1.0
530000.0,8.625,0.0,1000.0,0.07913877120172345,0.13784303751044844,530000.0,0.0,243.0,122.0,122.0,13.0,0.0,0.0,1.0
540000.0,8.78125,0.0,1000.0,0.07556702715620651,0.13123787071553533,540000.0,0.0,245.0,123.0,123.0,13.0,0.0,0.0,1.0
550000.0,8.96875,0.0,1000.0,0.07841159302608475,0.13107957494497985,550000.0,0.0,247.0,124.0,124.0,13.0,0.0,0.0,1.0
560000.0,9.125,0.0,1000.0,0.07434005272046884,0.12826522826853304,560000.0,0.0,253.0,127.0,127.0,13.0,0.0,0.0,1.0
570000.0,9.28125,0.0,1000.0,0.0767163955389445,0.12727775014898393,570000.0,0.0,257.0,129.0,129.0,13.0,0.0,0.0,1.0
580000.0,9.453125,0.0,1000.0,0.07979639507626439,0.1401264214479882,580000.0,0.0,263.0,132.0,132.0,13.0,0.0,0.0,1.0
590000.0,9.609375,0.0,1000.0,0.07986072447465618,0.1354894942963934,590000.0,0.0,263.0,132.0,132.0,13.0,0.0,0.0,1.0
600000.0,9.765625,0.0,1000.0,0.08192409874571517,0.14630815809088768,600000.0,0.0,269.0,135.0,135.0,13.0,0.0,0.0,1.0
610000.0,9.9375,0.0,1000.0,0.08096276868204268,0.13934053300526786,610000.0,0.0,277.0,139.0,139.0,13.0,0.0,0.0,1.0
620000.0,10.09375,0.0,1000.0,0.0797303645092233,0.13757711874683226,620000.0,0.0,279.0,140.0,140.0,13.0,0.0,0.0,1.0
630000.0,10.25,0.0,1000.0,0.07851315681649867,0.13809248528352192,630000.0,0.0,281.0,141.0,141.0,13.0,0.0,0.0,1.0
640000.0,10.421875,0.0,1000.0,0.07971789876984407,0.12923471902984976,640000.0,0.0,291.0,146.0,146.0,13.0,0.0,0.0,1.0
650000.0,10.578125,0.0,1000.0,0.0821976746002096,0.14519279413953132,650000.0,0.0,295.0,148.0,148.0,13.0,0.0,0.0,1.0
660000.0,10.734375,0.0,1000.0,0.08234551233876006,0.13675012708483522,660000.0,0.0,299.0,150.0,150.0,13.0,0.0,0.0,1.0
670000.0,10.90625,0.0,1000.0,0.07707867080728933,0.1306644784543609,670000.0,0.0,305.0,153.0,153.0,13.0,0.0,0.0,1.0
680000.0,11.078125,0.0,1000.0,0.07970641316402417,0.13453059581172302,680000.0,0.0,307.0,154.0,154.0,13.0,0.0,0.0,1.0
690000.0,11.234375,0.0,1000.0,0.08424980616276702,0.13737828307514902,690000.0,0.0,309.0,155.0,155.0,13.0,0.0,0.0,1.0
700000.0,11.390625,0.0,1000.0,0.07769989369203066,0.1306810352955034,700000.0,0.0,311.0,156.0,156.0,13.0,0.0,0.0,1.0
710000.0,11.546875,0.0,1000.0,0.07846437570551652,0.1358891853401326,710000.0,0.0,315.0,158.0,158.0,13.0,0.0,0.0,1.0
720000.0,11.703125,0.0,1000.0,0.07205219079432186,0.11956910891899807,720000.0,0.0,315.0,158.0,158.0,13.0,0.0,0.0,1.0
730000.0,11.859375,0.0,1000.0,0.08494324203167929,0.15142416466095523,730000.0,0.0,317.0,159.0,159.0,13.0,0.0,0.0,1.0
740000.0,12.03125,0.0,1000.0,0.07543610093846391,0.1229724715415931,740000.0,0.0,321.0,161.0,161.0,13.0,0.0,0.0,1.0
750000.0,12.1875,0.0,1000.0,0.0766794853149719,0.1313028166515816,750000.0,0.0,323.0,162.0,162.0,13.0,0.0,0.0,1.0
760000.0,12.359375,0.0,1000.0,0.08031066399705537,0.13728534406358225,760000.0,0.0,335.0,168.0,168.0,13.0,0.0,0.0,1.0
770000.0,12.515625,0.0,1000.0,0.08820175017396754,0.15295366376103528,770000.0,0.0,347.0,174.0,174.0,13.0,0.0,0.0,1.0
780000.0,12.6875,0.0,1000.0,0.08080409028981153,0.1307269456747409,780000.0,0.0,351.0,176.0,176.0,13.0,0.0,0.0,1.0
790000.0,12.859375,0.0,1000.0,0.08623204034807011,0.150684055520456,790000.0,0.0,361.0,181.0,181.0,13.0,0.0,0.0,1.0
800000.0,13.03125,0.0,1000.0,0.07707627444772869,0.12421608221958781,800000.0,0.0,363.0,182.0,182.0,13.0,0.0,0.0,1.0
810000.0,13.1875,0.0,1000.0,0.07714603626295895,0.1330057109884676,810000.0,0.0,363.0,182.0,182.0,13.0,0.0,0.0,1.0
820000.0,13.375,0.0,1000.0,0.07688829876211396,0.13172300662487768,820000.0,0.0,371.0,186.0,186.0,14.0,0.0,0.0,1.0
830000.0,13.546875,0.0,1000.0,0.0770966693951692,0.12869669484713875,830000.0,0.0,377.0,189.0,189.0,14.0,0.0,0.0,1.0
840000.0,13.703125,0.0,1000.0,0.08143423569553708,0.14138644272935522,840000.0,0.0,381.0,191.0,191.0,14.0,0.0,0.0,1.0
850000.0,13.890625,0.0,1000.0,0.073574448121971,0.12586640485415881,850000.0,0.0,393.0,197.0,197.0,14.0,0.0,0.0,1.0
860000.0,14.046875,0.0,1000.0,0.0788778377621199,0.13820119701094868,860000.0,0.0,399.0,200.0,200.0,14.0,0.0,0.0,1.0
870000.0,14.21875,0.0,1000.0,0.07816526154295163,0.128780151003693,870000.0,0.0,403.0,202.0,202.0,14.0,0.0,0.0,1.0
880000.0,14.390625,0.0,1000.0,0.07431853226909921,0.12889904148737957,880000.0,0.0,407.0,204.0,204.0,14.0,0.0,0.0,1.0
890000.0,14.5625,0.0,1000.0,0.079105872054074,0.13604392471684404,890000.0,0.0,415.0,208.0,208.0,14.0,0.0,0.0,1.0
900000.0,14.71875,0.0,1000.0,0.07401852467754169,0.12526915606080863,900000.0,0.0,421.0,211.0,211.0,14.0,0.0,0.0,1.0
910000.0,14.90625,0.0,1000.0,0.07687433999829199,0.12629532085568687,910000.0,0.0,425.0,213.0,213.0,14.0,0.0,0.0,1.0
920000.0,15.0625,0.0,1000.0,0.08253128089703149,0.14227501016609628,920000.0,0.0,431.0,216.0,216.0,14.0,0.0,0.0,1.0
930000.0,15.234375,0.0,1000.0,0.07354602872369458,0.12850812516650637,930000.0,0.0,435.0,218.0,218.0,14.0,0.0,0.0,1.0
940000.0,15.40625,0.0,1000.0,0.07873269972207933,0.1323194476073796,940000.0,0.0,435.0,218.0,218.0,14.0,0.0,0.0,1.0
950000.0,15.578125,0.0,1000.0,0.07501559960992436,0.1313673029795961,950000.0,0.0,437.0,219.0,219.0,14.0,0.0,0.0,1.0
960000.0,15.71875,0.0,1000.0,0.07668266028503809,0.1257488736738285,960000.0,0.0,441.0,221.0,221.0,14.0,0.0,0.0,1.0
970000.0,15.90625,0.0,1000.0,0.07632926691490766,0.1292611406214659,970000.0,0.0,447.0,224.0,224.0,14.0,0.0,0.0,1.0
980000.0,16.0625,0.0,1000.0,0.07415720258783474,0.1275159454434592,980000.0,0.0,451.0,226.0,226.0,14.0,0.0,0.0,1.0
990000.0,16.234375,0.0,1000.0,0.07307567507092426,0.1264124657627966,990000.0,0.0,455.0,228.0,228.0,14.0,0.0,0.0,1.0
1000000.0,16.40625,0.0,1000.0,0.07578458374648803,0.11675546394387995,1000000.0,0.0,457.0,229.0,229.0,14.0,0.0,0.0,1.0
1010000.0,16.578125,0.0,1000.0,0.07553757018266179,0.1324021580552612,1010000.0,0.0,465.0,233.0,233.0,14.0,0.0,0.0,1.0
1020000.0,16.75,0.0,1000.0,0.0679452914535918,0.11471558355106258,1020000.0,0.0,473.0,237.0,237.0,14.0,0.0,0.0,1.0
1030000.0,16.921875,0.0,1000.0,0.07802331015934329,0.13400484227404325,1030000.0,0.0,481.0,241.0,241.0,14.0,0.0,0.0,1.0
1040000.0,17.09375,0.0,1000.0,0.07444628275415481,0.12513112561544418,1040000.0,0.0,485.0,243.0,243.0,14.0,0.0,0.0,1.0
1050000.0,17.265625,0.0,1000.0,0.07637936856681689,0.1263248330666218,1050000.0,0.0,491.0,246.0,246.0,14.0,0.0,0.0,1.0
1060000.0,17.453125,0.0,1000.0,0.06729283115640024,0.1162452838536694,1060000.0,0.0,497.0,249.0,249.0,14.0,0.0,0.0,1.0
1070000.0,17.640625,0.0,1000.0,0.07725994776193837,0.1325150749666918,1070000.0,0.0,503.0,252.0,252.0,14.0,0.0,0.0,1.0
1080000.0,17.8125,0.0,1000.0,0.07557237882401399,0.1290004364232216,1080000.0,0.0,509.0,255.0,255.0,14.0,0.0,0.0,1.0
1090000.0,18.0,0.0,1000.0,0.07194854306907242,0.12357158125625047,1090000.0,0.0,509.0,255.0,255.0,14.0,0.0,0.0,1.0
1100000.0,18.171875,0.0,1000.0,0.07556035572537648,0.12958630304785543,1100000.0,0.0,511.0,256.0,256.0,14.0,0.0,0.0,1.0
1110000.0,18.34375,0.0,1000.0,0.07618848760241703,0.13423868509169617,1110000.0,0.0,515.0,258.0,258.0,14.0,0.0,0.0,1.0
1120000.0,18.53125,0.0,1000.0,0.0711137539456062,0.11498372191744366,1120000.0,0.0,519.0,260.0,260.0,14.0,0.0,0.0,1.0
1130000.0,18.71875,0.0,1000.0,0.07069457202023978,0.12073945926068413,1130000.0,0.0,525.0,263.0,263.0,14.0,0.0,0.0,1.0
1140000.0,18.90625,0.0,1000.0,0.07262157272959924,0.12293747599092388,1140000.0,0.0,531.0,266.0,266.0,14.0,0.0,0.0,1.0
1150000.0,19.078125,0.0,1000.0,0.07208696758245195,0.12218508304770391,1150000.0,0.0,535.0,268.0,268.0,14.0,0.0,0.0,1.0
1160000.0,19.234375,0.0,1000.0,0.07483066013511651,0.12442884289797891,1160000.0,0.0,537.0,269.0,269.0,14.0,0.0,0.0,1.0
1170000.0,19.40625,0.0,1000.0,0.07270575193978947,0.13126013221036595,1170000.0,0.0,541.0,271.0,271.0,14.0,0.0,0.0,1.0
1180000.0,19.578125,0.0,1000.0,0.0733730124808211,0.1253742462116755,1180000.0,0.0,553.0,277.0,277.0,14.0,0.0,0.0,1.0
1190000.0,19.765625,0.0,1000.0,0.07186399032148602,0.12349425142806726,1190000.0,0.0,559.0,280.0,280.0,14.0,0.0,0.0,1.0
1200000.0,19.953125,0.0,1000.0,0.07350772298580774,0.12212110526434015,1200000.0,0.0,563.0,282.0,282.0,14.0,0.0,0.0,1.0
1210000.0,20.125,0.0,1000.0,0.07207473061695549,0.12572734046808,1210000.0,0.0,567.0,284.0,284.0,14.0,0.0,0.0,1.0
1220000.0,20.328125,0.0,1000.0,0.07169906012405229,0.11939897228437592,1220000.0,0.0,569.0,285.0,285.0,14.0,0.0,0.0,1.0
1230000.0,20.515625,0.0,1000.0,0.06976829672959671,0.11753586183339589,1230000.0,0.0,573.0,287.0,287.0,14.0,0.0,0.0,1.0
1240000.0,20.71875,0.0,1000.0,0.07503733129069856,0.12961672433685764,1240000.0,0.0,577.0,289.0,289.0,14.0,0.0,0.0,1.0
1250000.0,20.90625,0.0,1000.0,0.07068862761676765,0.11981102655240265,1250000.0,0.0,579.0,290.0,290.0,14.0,0.0,0.0,1.0
1260000.0,21.09375,0.0,1000.0,0.06967686557262281,0.12300793823674779,1260000.0,0.0,591.0,296.0,296.0,15.0,0.0,0.0,1.0
1270000.0,21.28125,0.0,1000.0,0.07769818448795014,0.13553803019821872,1270000.0,0.0,597.0,299.0,299.0,15.0,0.0,0.0,1.0
1280000.0,21.484375,0.0,1000.0,0.06557242120543429,0.10765410878676634,1280000.0,0.0,605.0,303.0,303.0,15.0,0.0,0.0,1.0
1290000.0,21.703125,0.0,1000.0,0.06935525732357968,0.12332377982384479,1290000.0,0.0,607.0,304.0,304.0,15.0,0.0,0.0,1.0
1300000.0,21.9375,0.0,1000.0,0.07699763516579665,0.13216421244275683,1300000.0,0.0,607.0,304.0,304.0,15.0,0.0,0.0,1.0
1310000.0,22.15625,0.0,1000.0,0.07264935730207447,0.12136574064510675,1310000.0,0.0,609.0,305.0,305.0,15.0,0.0,0.0,1.0
1320000.0,22.359375,0.0,1000.0,0.07938887712339196,0.1399150235173661,1320000.0,0.0,615.0,308.0,308.0,15.0,0.0,0.0,1.0
1330000.0,22.578125,0.0,1000.0,0.07465763434944196,0.125044101310408,1330000.0,0.0,623.0,312.0,312.0,15.0,0.0,0.0,1.0
1340000.0,22.78125,0.0,1000.0,0.07315233518532377,0.12432499453379238,1340000.0,0.0,623.0,312.0,312.0,15.0,0.0,0.0,1.0
1350000.0,22.984375,0.0,1000.0,0.0759168163687518,0.1284394617556838,1350000.0,0.0,629.0,315.0,315.0,15.0,0.0,0.0,1.0
1360000.0,23.15625,0.0,1000.0,0.07446387713911228,0.13622080752767657,1360000.0,0.0,635.0,318.0,318.0,15.0,0.0,0.0,1.0
1370000.0,23.375,0.0,1000.0,0.0792933188585559,0.13160102736560766,1370000.0,0.0,637.0,319.0,319.0,15.0,0.0,0.0,1.0
1380000.0,23.5625,0.0,1000.0,0.07616160693846034,0.13180241354654962,1380000.0,0.0,641.0,321.0,321.0,15.0,0.0,0.0,1.0
1390000.0,23.765625,0.0,1000.0,0.07482113272203865,0.12665536846777803,1390000.0,0.0,647.0,324.0,324.0,15.0,0.0,0.0,1.0
1400000.0,23.96875,0.0,1000.0,0.07921761482160251,0.131895887646468,1400000.0,0.0,655.0,328.0,328.0,15.0,0.0,0.0,1.0
1410000.0,24.15625,0.0,1000.0,0.07212213950356801,0.12210958375534636,1410000.0,0.0,663.0,332.0,332.0,15.0,0.0,0.0,1.0
1420000.0,24.34375,0.0,1000.0,0.07054760086736468,0.1180309260614323,1420000.0,0.0,665.0,333.0,333.0,15.0,0.0,0.0,1.0
1430000.0,24.546875,0.0,1000.0,0.07156252218361622,0.118162157116763,1430000.0,0.0,671.0,336.0,336.0,15.0,0.0,0.0,1.0
1440000.0,24.75,0.0,1000.0,0.07492753095701792,0.1314704067669567,1440000.0,0.0,673.0,337.0,337.0,15.0,0.0,0.0,1.0
1450000.0,24.9375,0.0,1000.0,0.07331667601666089,0.12661054968316113,1450000.0,0.0,677.0,339.0,339.0,15.0,0.0,0.0,1.0
1460000.0,25.140625,0.0,1000.0,0.06890007502001325,0.11915429375525799,1460000.0,0.0,681.0,341.0,341.0,15.0,0.0,0.0,1.0
1470000.0,25.328125,0.0,1000.0,0.07327809467509616,0.12458658855897951,1470000.0,0.0,687.0,344.0,344.0,15.0,0.0,0.0,1.0
1480000.0,25.53125,0.0,1000.0,0.07104439876172924,0.12158772852632879,1480000.0,0.0,695.0,348.0,348.0,15.0,0.0,0.0,1.0
1490000.0,25.71875,0.0,1000.0,0.07367199654824713,0.1299086977936391,1490000.0,0.0,701.0,351.0,351.0,15.0,0.0,0.0,1.0
1500000.0,25.90625,0.0,1000.0,0.07360850758232411,0.1271313870433095,1500000.0,0.0,705.0,353.0,353.0,15.0,0.0,0.0,1.0
1510000.0,26.109375,0.0,1000.0,0.07109984740739272,0.11534680114138215,1510000.0,0.0,711.0,356.0,356.0,15.0,0.0,0.0,1.0
1520000.0,26.296875,0.0,1000.0,0.06997586666410545,0.1142308614125056,1520000.0,0.0,713.0,357.0,357.0,15.0,0.0,0.0,1.0
1530000.0,26.5,0.0,1000.0,0.0726026377557083,0.11977553439574498,1530000.0,0.0,715.0,358.0,358.0,15.0,0.0,0.0,1.0
1540000.0,26.6875,0.0,1000.0,0.07286916010290508,0.1208986679432493,1540000.0,0.0,725.0,363.0,363.0,15.0,0.0,0.0,1.0
1550000.0,26.90625,0.0,1000.0,0.07221936511150383,0.12003516634883356,1550000.0,0.0,727.0,364.0,364.0,15.0,0.0,0.0,1.0
1560000.0,27.109375,0.0,1000.0,0.07014053145894455,0.11627401349957933,1560000.0,0.0,731.0,366.0,366.0,15.0,0.0,0.0,1.0
1570000.0,27.296875,0.0,1000.0,0.07282560897476814,0.13022213644087555,1570000.0,0.0,739.0,370.0,370.0,15.0,0.0,0.0,1.0
1580000.0,27.5,0.0,1000.0,0.0694268218702582,0.1131383113041624,1580000.0,0.0,743.0,372.0,372.0,15.0,0.0,0.0,1.0
1590000.0,27.6875,0.0,1000.0,0.06862079320247284,0.117523253154359,1590000.0,0.0,747.0,374.0,374.0,15.0,0.0,0.0,1.0
1600000.0,27.875,0.0,1000.0,0.07086989889353751,0.11810208115207377,1600000.0,0.0,747.0,374.0,374.0,15.0,0.0,0.0,1.0
1610000.0,28.09375,0.0,1000.0,0.06787312984336978,0.1159947921197401,1610000.0,0.0,749.0,375.0,375.0,15.0,0.0,0.0,1.0
1620000.0,28.28125,0.0,1000.0,0.07569589309971245,0.1353971100777665,1620000.0,0.0,759.0,380.0,380.0,15.0,0.0,0.0,1.0
1630000.0,28.546875,0.0,1000.0,0.06953382750340523,0.11973516487038423,1630000.0,0.0,777.0,389.0,389.0,15.0,0.0,0.0,1.0
1640000.0,28.765625,0.0,1000.0,0.07149447153824835,0.12338858987907576,1640000.0,0.0,799.0,400.0,400.0,15.0,0.0,0.0,1.0
1650000.0,29.046875,0.0,1000.0,0.07302836438726983,0.1260479309500374,1650000.0,0.0,803.0,402.0,402.0,15.0,0.0,0.0,1.0
1660000.0,29.296875,0.0,1000.0,0.07391217411201888,0.12613302586248665,1660000.0,0.0,813.0,407.0,407.0,15.0,0.0,0.0,1.0
1670000.0,29.5625,0.0,1000.0,0.06728000613894605,0.11202563280471887,1670000.0,0.0,819.0,410.0,410.0,15.0,0.0,0.0,1.0
1680000.0,29.78125,0.0,1000.0,0.07027326239586258,0.11743905207012059,1680000.0,0.0,827.0,414.0,414.0,15.0,0.0,0.0,1.0
1690000.0,30.0,0.0,1000.0,0.07524745086550969,0.12752888420484168,1690000.0,0.0,831.0,416.0,416.0,15.0,0.0,0.0,1.0
1700000.0,30.203125,0.0,1000.0,0.07006892121271492,0.11801439647399957,1700000.0,0.0,841.0,421.0,421.0,15.0,0.0,0.0,1.0
1710000.0,30.40625,0.0,1000.0,0.06866305084462287,0.11285733618273701,1710000.0,0.0,843.0,422.0,422.0,15.0,0.0,0.0,1.0
1720000.0,30.59375,0.0,1000.0,0.07320545510418197,0.12441160141916173,1720000.0,0.0,845.0,423.0,423.0,15.0,0.0,0.0,1.0
1730000.0,30.796875,0.0,1000.0,0.07126517550799771,0.12068152279847333,1730000.0,0.0,849.0,425.0,425.0,15.0,0.0,0.0,1.0
1740000.0,31.015625,0.0,1000.0,0.06803091726364047,0.113293354985979,1740000.0,0.0,855.0,428.0,428.0,15.0,0.0,0.0,1.0
1750000.0,31.1875,0.0,1000.0,0.06860639730920283,0.11418328337838891,1750000.0,0.0,859.0,430.0,430.0,15.0,0.0,0.0,1.0
1760000.0,31.390625,0.0,1000.0,0.06831085925021664,0.11920847768621771,1760000.0,0.0,869.0,435.0,435.0,15.0,0.0,0.0,1.0
1770000.0,31.59375,0.0,1000.0,0.06934591755925239,0.11601796431587608,1770000.0,0.0,879.0,440.0,440.0,16.0,0.0,0.0,1.0
1780000.0,31.78125,0.0,1000.0,0.07521356582006178,0.12866847699593312,1780000.0,0.0,883.0,442.0,442.0,16.0,0.0,0.0,1.0
1790000.0,31.984375,0.0,1000.0,0.07005391315327567,0.11785584761933944,1790000.0,0.0,885.0,443.0,443.0,16.0,0.0,0.0,1.0
1800000.0,32.1875,0.0,1000.0,0.06904828744530297,0.12274966412947046,1800000.0,0.0,889.0,445.0,445.0,16.0,0.0,0.0,1.0
1810000.0,32.390625,0.0,1000.0,0.06695866099900585,0.111809085002922,1810000.0,0.0,895.0,448.0,448.0,16.0,0.0,0.0,1.0
1820000.0,32.59375,0.0,1000.0,0.07445783812748608,0.12762210708561106,1820000.0,0.0,901.0,451.0,451.0,16.0,0.0,0.0,1.0
1830000.0,32.796875,0.0,1000.0,0.07819066158397475,0.13662220099663683,1830000.0,0.0,909.0,455.0,455.0,16.0,0.0,0.0,1.0
1840000.0,33.0,0.0,1000.0,0.06418142078231841,0.11060793428843153,1840000.0,0.0,917.0,459.0,459.0,16.0,0.0,0.0,1.0
1850000.0,33.203125,0.0,1000.0,0.06791350155624072,0.11511417375726997,1850000.0,0.0,919.0,460.0,460.0,16.0,0.0,0.0,1.0
1860000.0,33.390625,0.0,1000.0,0.06793429223772732,0.11589134669803637,1860000.0,0.0,931.0,466.0,466.0,16.0,0.0,0.0,1.0
1870000.0,33.59375,0.0,1000.0,0.07093785154591871,0.12996520237836642,1870000.0,0.0,935.0,468.0,468.0,16.0,0.0,0.0,1.0
1880000.0,33.796875,0.0,1000.0,0.0700691575052398,0.1187185050202587,1880000.0,0.0,939.0,470.0,470.0,16.0,0.0,0.0,1.0
1890000.0,34.0,0.0,1000.0,0.07159216634077875,0.1271213639454413,1890000.0,0.0,947.0,474.0,474.0,16.0,0.0,0.0,1.0
1900000.0,34.203125,0.0,1000.0,0.07358177538857967,0.1244497645944206,1900000.0,0.0,951.0,476.0,476.0,16.0,0.0,0.0,1.0
1910000.0,34.40625,0.0,1000.0,0.06264898170631943,0.102131262538879,1910000.0,0.0,953.0,477.0,477.0,16.0,0.0,0.0,1.0
1920000.0,34.609375,0.0,1000.0,0.06611783278782699,0.11271502199982947,1920000.0,0.0,957.0,479.0,479.0,16.0,0.0,0.0,1.0
1930000.0,34.796875,0.0,1000.0,0.07278694198919751,0.12681174595674477,1930000.0,0.0,973.0,487.0,487.0,16.0,0.0,0.0,1.0
1940000.0,35.0,0.0,1000.0,0.06628380452315245,0.1129741262590207,1940000.0,0.0,979.0,490.0,490.0,16.0,0.0,0.0,1.0
1950000.0,35.21875,0.0,1000.0,0.07191539395705279,0.11931682532172182,1950000.0,0.0,991.0,496.0,496.0,16.0,0.0,0.0,1.0
1960000.0,35.421875,0.0,1000.0,0.06586143568828269,0.1109492656580618,1960000.0,0.0,1005.0,503.0,503.0,16.0,0.0,0.0,1.0
1970000.0,35.625,0.0,1000.0,0.07156923322364132,0.12497395838440473,1970000.0,0.0,1011.0,506.0,506.0,16.0,0.0,0.0,1.0
1980000.0,35.828125,0.0,1000.0,0.06620678369394183,0.11404757778750954,1980000.0,0.0,1019.0,510.0,510.0,16.0,0.0,0.0,1.0
1990000.0,36.03125,0.0,1000.0,0.0696582935911639,0.1171498005959205,1990000.0,0.0,1025.0,513.0,513.0,16.0,0.0,0.0,1.0
2000000.0,36.21875,0.0,1000.0,0.06891726470576254,0.11659195333787095,2000000.0,0.0,1029.0,515.0,515.0,16.0,0.0,0.0,1.0
2010000.0,36.4375,0.0,1000.0,0.06707974064887377,0.11494790264623954,2010000.0,0.0,1033.0,517.0,517.0,16.0,0.0,0.0,1.0
2020000.0,36.640625,0.0,1000.0,0.0637322047872174,0.10445669666544448,2020000.0,0.0,1037.0,519.0,519.0,16.0,0.0,0.0,1.0
2030000.0,36.84375,0.0,1000.0,0.06582562107662937,0.11273085434087617,2030000.0,0.0,1041.0,521.0,521.0,16.0,0.0,0.0,1.0
2040000.0,37.046875,0.0,1000.0,0.0712368403632198,0.11798635614500906,2040000.0,0.0,1043.0,522.0,522.0,16.0,0.0,0.0,1.0
2050000.0,37.25,0.0,1000.0,0.0625682418094666,0.10312946164169298,2050000.0,0.0,1047.0,524.0,524.0,16.0,0.0,0.0,1.0
2060000.0,37.453125,0.0,1000.0,0.07020035647157127,0.11797165567765214,2060000.0,0.0,1049.0,525.0,525.0,16.0,0.0,0.0,1.0
2070000.0,37.671875,0.0,1000.0,0.06658198503285566,0.11731076163913498,2070000.0,0.0,1053.0,527.0,527.0,16.0,0.0,0.0,1.0
2080000.0,37.890625,0.0,1000.0,0.06636114241416045,0.11406266661243049,2080000.0,0.0,1061.0,531.0,531.0,16.0,0.0,0.0,1.0
2090000.0,38.109375,0.0,1000.0,0.06818832445342507,0.11393616481023804,2090000.0,0.0,1065.0,533.0,533.0,16.0,0.0,0.0,1.0
2100000.0,38.296875,0.0,1000.0,0.07254739055721714,0.12291495432298094,2100000.0,0.0,1067.0,534.0,534.0,16.0,0.0,0.0,1.0
2110000.0,38.5,0.0,1000.0,0.06510921546850724,0.11176820552389552,2110000.0,0.0,1071.0,536.0,536.0,16.0,0.0,0.0,1.0
2120000.0,38.71875,0.0,1000.0,0.06666248984754239,0.11469332481353099,2120000.0,0.0,1073.0,537.0,537.0,16.0,0.0,0.0,1.0
2130000.0,38.921875,0.0,1000.0,0.0677394030339555,0.1129509034217689,2130000.0,0.0,1075.0,538.0,538.0,16.0,0.0,0.0,1.0
2140000.0,39.140625,0.0,1000.0,0.06662119251653598,0.11114951356242136,2140000.0,0.0,1083.0,542.0,542.0,16.0,0.0,0.0,1.0
2150000.0,39.34375,0.0,1000.0,0.06637634629765135,0.11277434855392326,2150000.0,0.0,1087.0,544.0,544.0,16.0,0.0,0.0,1.0
2160000.0,39.546875,0.0,1000.0,0.07265453284412321,0.1251108306448766,2160000.0,0.0,1093.0,547.0,547.0,16.0,0.0,0.0,1.0
2170000.0,39.75,0.0,1000.0,0.06900182928574673,0.11765845590421276,2170000.0,0.0,1097.0,549.0,549.0,16.0,0.0,0.0,1.0
2180000.0,39.953125,0.0,1000.0,0.06532268682598376,0.110742014241488,2180000.0,0.0,1101.0,551.0,551.0,16.0,0.0,0.0,1.0
2190000.0,40.15625,0.0,1000.0,0.06330647050630103,0.1119129077427211,2190000.0,0.0,1107.0,554.0,554.0,16.0,0.0,0.0,1.0
2200000.0,40.375,0.0,1000.0,0.06869457344001727,0.12114010112203785,2200000.0,0.0,1113.0,557.0,557.0,16.0,0.0,0.0,1.0
2210000.0,40.59375,0.0,1000.0,0.07008048638920462,0.12095182485291624,2210000.0,0.0,1117.0,559.0,559.0,16.0,0.0,0.0,1.0
2220000.0,40.796875,0.0,1000.0,0.0662141436255758,0.11558894615836164,2220000.0,0.0,1125.0,563.0,563.0,16.0,0.0,0.0,1.0
2230000.0,41.015625,0.0,1000.0,0.07006429925313537,0.12443666392754074,2230000.0,0.0,1139.0,570.0,570.0,16.0,0.0,0.0,1.0
2240000.0,41.25,0.0,1000.0,0.06876519931381957,0.12173506868044323,2240000.0,0.0,1149.0,575.0,575.0,16.0,0.0,0.0,1.0
2250000.0,41.453125,0.0,1000.0,0.06977834036071333,0.1250951641608701,2250000.0,0.0,1159.0,580.0,580.0,16.0,0.0,0.0,1.0
2260000.0,41.65625,0.0,1000.0,0.06611185188016921,0.11556860324576318,2260000.0,0.0,1171.0,586.0,586.0,16.0,0.0,0.0,1.0
2270000.0,41.875,0.0,1000.0,0.06961054039111968,0.12514447671486548,2270000.0,0.0,1179.0,590.0,590.0,16.0,0.0,0.0,1.0
2280000.0,42.078125,0.0,1000.0,0.07208149846376843,0.12293411033793356,2280000.0,0.0,1181.0,591.0,591.0,16.0,0.0,0.0,1.0
2290000.0,42.28125,0.0,1000.0,0.06390079939075222,0.10672290986314968,2290000.0,0.0,1193.0,597.0,597.0,16.0,0.0,0.0,1.0
2300000.0,42.5,0.0,1000.0,0.06304404474211998,0.10447911975768043,2300000.0,0.0,1201.0,601.0,601.0,16.0,0.0,0.0,1.0
2310000.0,42.71875,0.0,1000.0,0.06817662733032104,0.1130134603737833,2310000.0,0.0,1207.0,604.0,604.0,16.0,0.0,0.0,1.0
2320000.0,42.9375,0.0,1000.0,0.06504542281440699,0.11224237940946453,2320000.0,0.0,1211.0,606.0,606.0,16.0,0.0,0.0,1.0
2330000.0,43.15625,0.0,1000.0,0.0657924427098758,0.10880134038999933,2330000.0,0.0,1219.0,610.0,610.0,16.0,0.0,0.0,1.0
2340000.0,43.375,0.0,1000.0,0.07395702358583565,0.1271906948559887,2340000.0,0.0,1221.0,611.0,611.0,16.0,0.0,0.0,1.0
2350000.0,43.59375,0.0,1000.0,0.06221543900239303,0.11008459233605883,2350000.0,0.0,1229.0,615.0,615.0,16.0,0.0,0.0,1.0
2360000.0,43.796875,0.0,1000.0,0.07319640780802783,0.13199854263785285,2360000.0,0.0,1231.0,616.0,616.0,16.0,0.0,0.0,1.0
2370000.0,44.015625,0.0,1000.0,0.06062658023976185,0.09903351512929667,2370000.0,0.0,1239.0,620.0,620.0,16.0,0.0,0.0,1.0
2380000.0,44.234375,0.0,1000.0,0.06620088550977618,0.1144113532093699,2380000.0,0.0,1243.0,622.0,622.0,16.0,0.0,0.0,1.0
2390000.0,44.453125,0.0,1000.0,0.06473835194207606,0.1090583222912077,2390000.0,0.0,1253.0,627.0,627.0,16.0,0.0,0.0,1.0
2400000.0,44.6875,0.0,1000.0,0.06247148022122592,0.10458779851541232,2400000.0,0.0,1263.0,632.0,632.0,16.0,0.0,0.0,1.0
2410000.0,44.90625,0.0,1000.0,0.0709842844780059,0.12303304459924701,2410000.0,0.0,1271.0,636.0,636.0,16.0,0.0,0.0,1.0
2420000.0,45.15625,0.0,1000.0,0.06486574842189555,0.1159263022005552,2420000.0,0.0,1279.0,640.0,640.0,16.0,0.0,0.0,1.0
2430000.0,45.359375,0.0,1000.0,0.0661908767392681,0.11576863047362489,2430000.0,0.0,1283.0,642.0,642.0,16.0,0.0,0.0,1.0
2440000.0,45.578125,0.0,1000.0,0.07245094634779717,0.12487053052075117,2440000.0,0.0,1289.0,645.0,645.0,16.0,0.0,0.0,1.0
2450000.0,45.796875,0.0,1000.0,0.06357649573449171,0.11181287149955914,2450000.0,0.0,1295.0,648.0,648.0,17.0,0.0,0.0,1.0
2460000.0,46.015625,0.0,1000.0,0.07039949930415473,0.12459200559879345,2460000.0,0.0,1305.0,653.0,653.0,17.0,0.0,0.0,1.0
2470000.0,46.25,0.0,1000.0,0.06408045821084243,0.10494888359014361,2470000.0,0.0,1307.0,654.0,654.0,17.0,0.0,0.0,1.0
2480000.0,46.46875,0.0,1000.0,0.06562748262162267,0.11154582869209148,2480000.0,0.0,1313.0,657.0,657.0,17.0,0.0,0.0,1.0
2490000.0,46.671875,0.0,1000.0,0.06526446668224414,0.10829857929201502,2490000.0,0.0,1321.0,661.0,661.0,17.0,0.0,0.0,1.0
2500000.0,46.90625,0.0,1000.0,0.06618119691492155,0.11444198296300037,2500000.0,0.0,1333.0,667.0,667.0,17.0,0.0,0.0,1.0
2510000.0,47.109375,0.0,1000.0,0.06251479941584141,0.10616695738247516,2510000.0,0.0,1335.0,668.0,668.0,17.0,0.0,0.0,1.0
2520000.0,47.328125,0.0,1000.0,0.06452811620093914,0.11192100913810485,2520000.0,0.0,1339.0,670.0,670.0,17.0,0.0,0.0,1.0
2530000.0,47.546875,0.0,1000.0,0.0664399456634515,0.11627525234893667,2530000.0,0.0,1343.0,672.0,672.0,17.0,0.0,0.0,1.0
2540000.0,47.765625,0.0,1000.0,0.06181232529014401,0.1087922807660868,2540000.0,0.0,1345.0,673.0,673.0,17.0,0.0,0.0,1.0
2550000.0,47.984375,0.0,1000.0,0.06367305431816922,0.10843261937935612,2550000.0,0.0,1353.0,677.0,677.0,17.0,0.0,0.0,1.0
2560000.0,48.203125,0.0,1000.0,0.061730674891827826,0.10957070316783239,2560000.0,0.0,1355.0,678.0,678.0,17.0,0.0,0.0,1.0
2570000.0,48.421875,0.0,1000.0,0.0625440646476842,0.10549316678489996,2570000.0,0.0,1369.0,685.0,685.0,17.0,0.0,0.0,1.0
2580000.0,48.640625,0.0,1000.0,0.06863828092653054,0.120235899440196,2580000.0,0.0,1385.0,693.0,693.0,17.0,0.0,0.0,1.0
2590000.0,48.859375,0.0,1000.0,0.06926192010347143,0.12340971565162016,2590000.0,0.0,1389.0,695.0,695.0,17.0,0.0,0.0,1.0
2600000.0,49.09375,0.0,1000.0,0.06530174923304431,0.10729673366922181,2600000.0,0.0,1399.0,700.0,700.0,17.0,0.0,0.0,1.0
2610000.0,49.3125,0.0,1000.0,0.061765362562096644,0.10625385201617385,2610000.0,0.0,1415.0,708.0,708.0,17.0,0.0,0.0,1.0
2620000.0,49.546875,0.0,1000.0,0.06011640918041218,0.09909096723397419,2620000.0,0.0,1419.0,710.0,710.0,17.0,0.0,0.0,1.0
2630000.0,49.75,0.0,1000.0,0.06658264862869306,0.1213149306080755,2630000.0,0.0,1421.0,711.0,711.0,17.0,0.0,0.0,1.0
2640000.0,49.984375,0.0,1000.0,0.07060434696680935,0.12359372486079795,2640000.0,0.0,1427.0,714.0,714.0,17.0,0.0,0.0,1.0
2650000.0,50.1875,0.0,1000.0,0.06115642279882594,0.10068750972269044,2650000.0,0.0,1433.0,717.0,717.0,17.0,0.0,0.0,1.0
2660000.0,50.40625,0.0,1000.0,0.06638804745852545,0.11603568183167375,2660000.0,0.0,1447.0,724.0,724.0,17.0,0.0,0.0,1.0
2670000.0,50.640625,0.0,1000.0,0.06459689481440668,0.10546887453711674,2670000.0,0.0,1453.0,727.0,727.0,17.0,0.0,0.0,1.0
2680000.0,50.859375,0.0,1000.0,0.06509924532425117,0.112208407864162,2680000.0,0.0,1463.0,732.0,732.0,17.0,0.0,0.0,1.0
2690000.0,51.109375,0.0,1000.0,0.06482575485402782,0.11115066374961047,2690000.0,0.0,1473.0,737.0,737.0,17.0,0.0,0.0,1.0
2700000.0,51.34375,0.0,1000.0,0.06289994742505398,0.1098661367676293,2700000.0,0.0,1479.0,740.0,740.0,17.0,0.0,0.0,1.0
2710000.0,51.578125,0.0,1000.0,0.06502327375300562,0.11135385323324244,2710000.0,0.0,1487.0,744.0,744.0,17.0,0.0,0.0,1.0
2720000.0,51.796875,0.0,1000.0,0.06193082002176254,0.10977759836729493,2720000.0,0.0,1491.0,746.0,746.0,17.0,0.0,0.0,1.0
2730000.0,52.03125,0.0,1000.0,0.06618358225135348,0.11614901617416336,2730000.0,0.0,1501.0,751.0,751.0,17.0,0.0,0.0,1.0
2740000.0,52.265625,0.0,1000.0,0.06928128968804464,0.11713654432347408,2740000.0,0.0,1507.0,754.0,754.0,17.0,0.0,0.0,1.0
2750000.0,52.484375,0.0,1000.0,0.06642148271240177,0.11487365529587637,2750000.0,0.0,1511.0,756.0,756.0,17.0,0.0,0.0,1.0
2760000.0,52.71875,0.0,1000.0,0.06234137545246189,0.10745417517561201,2760000.0,0.0,1515.0,758.0,758.0,17.0,0.0,0.0,1.0
2770000.0,52.953125,0.0,1000.0,0.062265280483313916,0.11005949146228734,2770000.0,0.0,1523.0,762.0,762.0,17.0,0.0,0.0,1.0
2780000.0,53.171875,0.0,1000.0,0.06086694505875577,0.10892750047490302,2780000.0,0.0,1531.0,766.0,766.0,17.0,0.0,0.0,1.0
2790000.0,53.40625,0.0,1000.0,0.06507050495556971,0.11606993895175852,2790000.0,0.0,1539.0,770.0,770.0,17.0,0.0,0.0,1.0
2800000.0,53.640625,0.0,1000.0,0.06908632840379356,0.12492695181766365,2800000.0,0.0,1547.0,774.0,774.0,17.0,0.0,0.0,1.0
2810000.0,53.875,0.0,1000.0,0.07020114236071784,0.12131930257815737,2810000.0,0.0,1551.0,776.0,776.0,17.0,0.0,0.0,1.0
2820000.0,54.09375,0.0,1000.0,0.0649817650715298,0.11177306128485055,2820000.0,0.0,1567.0,784.0,784.0,17.0,0.0,0.0,1.0
2830000.0,54.328125,0.0,1000.0,0.06153645212893548,0.11017365372985999,2830000.0,0.0,1579.0,790.0,790.0,17.0,0.0,0.0,1.0
2840000.0,54.546875,0.0,1000.0,0.0670549201386329,0.11663339453493231,2840000.0,0.0,1581.0,791.0,791.0,17.0,0.0,0.0,1.0
2850000.0,54.78125,0.0,1000.0,0.06119098269835998,0.10508543541230779,2850000.0,0.0,1583.0,792.0,792.0,17.0,0.0,0.0,1.0
2860000.0,55.015625,0.0,1000.0,0.05715380373857121,0.09154726907655081,2860000.0,0.0,1585.0,793.0,793.0,17.0,0.0,0.0,1.0
2870000.0,55.25,0.0,1000.0,0.0598704841077597,0.10111935747322374,2870000.0,0.0,1591.0,796.0,796.0,17.0,0.0,0.0,1.0
2880000.0,55.46875,0.0,1000.0,0.06111009018342592,0.10726629331383979,2880000.0,0.0,1599.0,800.0,800.0,17.0,0.0,0.0,1.0
2890000.0,55.703125,0.0,1000.0,0.0707345749673518,0.1268416285852266,2890000.0,0.0,1609.0,805.0,805.0,17.0,0.0,0.0,1.0
2900000.0,55.90625,0.0,1000.0,0.060011879315322196,0.10304439587609729,2900000.0,0.0,1617.0,809.0,809.0,17.0,0.0,0.0,1.0
2910000.0,56.15625,0.0,1000.0,0.06811643575228643,0.11861260155835272,2910000.0,0.0,1633.0,817.0,817.0,17.0,0.0,0.0,1.0
2920000.0,56.390625,0.0,1000.0,0.06721859875085129,0.12147700824615597,2920000.0,0.0,1643.0,822.0,822.0,17.0,0.0,0.0,1.0
2930000.0,56.609375,0.0,1000.0,0.06113582158871881,0.10759075467555249,2930000.0,0.0,1651.0,826.0,826.0,17.0,0.0,0.0,1.0
2940000.0,56.84375,0.0,1000.0,0.06068159403533621,0.10619527348688942,2940000.0,0.0,1669.0,835.0,835.0,17.0,0.0,0.0,1.0
2950000.0,57.078125,0.0,1000.0,0.05819163282277298,0.09986032286764433,2950000.0,0.0,1685.0,843.0,843.0,17.0,0.0,0.0,1.0
2960000.0,57.328125,0.0,1000.0,0.06197954056092525,0.1075432466360011,2960000.0,0.0,1705.0,853.0,853.0,17.0,0.0,0.0,1.0
2970000.0,57.5625,0.0,1000.0,0.0640330477119455,0.10740380936986507,2970000.0,0.0,1715.0,858.0,858.0,17.0,0.0,0.0,1.0
2980000.0,57.8125,0.0,1000.0,0.06614704043513756,0.11669413653398658,2980000.0,0.0,1723.0,862.0,862.0,17.0,0.0,0.0,1.0
2990000.0,58.046875,0.0,1000.0,0.06340571565684384,0.1128038953452961,2990000.0,0.0,1739.0,870.0,870.0,17.0,0.0,0.0,1.0
3000000.0,58.296875,0.0,1000.0,0.06121361821647074,0.10575953262423225,3000000.0,0.0,1757.0,879.0,879.0,17.0,0.0,0.0,1.0
3010000.0,58.53125,0.0,1000.0,0.06180440943180692,0.1040825551196691,3010000.0,0.0,1759.0,880.0,880.0,17.0,0.0,0.0,1.0
3020000.0,58.765625,0.0,1000.0,0.05658847738815371,0.09887699848116153,3020000.0,0.0,1763.0,882.0,882.0,17.0,0.0,0.0,1.0
3030000.0,59.0,0.0,1000.0,0.06002289887548832,0.1002204577393265,3030000.0,0.0,1773.0,887.0,887.0,17.0,0.0,0.0,1.0
3040000.0,59.25,0.0,1000.0,0.06222077144915266,0.10453378731388042,3040000.0,0.0,1779.0,890.0,890.0,17.0,0.0,0.0,1.0
3050000.0,59.5,0.0,1000.0,0.05917450862832396,0.10038377821492582,3050000.0,0.0,1787.0,894.0,894.0,17.0,0.0,0.0,1.0
3060000.0,59.734375,0.0,1000.0,0.0641032396493469,0.10686293468392805,3060000.0,0.0,1791.0,896.0,896.0,17.0,0.0,0.0,1.0
3070000.0,59.984375,0.0,1000.0,0.06523442286384418,0.11596424948484171,3070000.0,0.0,1799.0,900.0,900.0,17.0,0.0,0.0,1.0
3080000.0,60.21875,0.0,1000.0,0.06785411062388164,0.12187688220937865,3080000.0,0.0,1801.0,901.0,901.0,17.0,0.0,0.0,1.0
3090000.0,60.46875,0.0,1000.0,0.0674646888126863,0.12022200998910319,3090000.0,0.0,1807.0,904.0,904.0,17.0,0.0,0.0,1.0
3100000.0,60.71875,0.0,1000.0,0.062023902064513234,0.10257386810099199,3100000.0,0.0,1809.0,905.0,905.0,17.0,0.0,0.0,1.0
3110000.0,60.96875,0.0,1000.0,0.06560810264201708,0.11496666278397882,3110000.0,0.0,1813.0,907.0,907.0,17.0,0.0,0.0,1.0
3120000.0,61.21875,0.0,1000.0,0.06488109261073291,0.11563776949045666,3120000.0,0.0,1821.0,911.0,911.0,18.0,0.0,0.0,1.0
3130000.0,61.453125,0.0,1000.0,0.0654077989382474,0.11501298109860428,3130000.0,0.0,1831.0,916.0,916.0,18.0,0.0,0.0,1.0
3140000.0,61.703125,0.0,1000.0,0.06641770989531089,0.11591273523336397,3140000.0,0.0,1841.0,921.0,921.0,18.0,0.0,0.0,1.0
3150000.0,61.9375,0.0,1000.0,0.06525272649981723,0.10963876462396459,3150000.0,0.0,1847.0,924.0,924.0,18.0,0.0,0.0,1.0
3160000.0,62.1875,0.0,1000.0,0.061262223294384924,0.10292925122033914,3160000.0,0.0,1851.0,926.0,926.0,18.0,0.0,0.0,1.0
3170000.0,62.4375,0.0,1000.0,0.0587175837203759,0.10351968642937086,3170000.0,0.0,1857.0,929.0,929.0,18.0,0.0,0.0,1.0
3180000.0,62.6875,0.0,1000.0,0.06298155663873117,0.11971867524977718,3180000.0,0.0,1863.0,932.0,932.0,18.0,0.0,0.0,1.0
3190000.0,62.9375,0.0,1000.0,0.0625784397914572,0.11216600628783045,3190000.0,0.0,1873.0,937.0,937.0,18.0,0.0,0.0,1.0
3200000.0,63.1875,0.0,1000.0,0.06331231245626844,0.11418105592413622,3200000.0,0.0,1885.0,943.0,943.0,18.0,0.0,0.0,1.0
3210000.0,63.4375,0.0,1000.0,0.06052059460559246,0.10601554357268499,3210000.0,0.0,1895.0,948.0,948.0,18.0,0.0,0.0,1.0
3220000.0,63.6875,0.0,1000.0,0.06446496700486955,0.11136645061995361,3220000.0,0.0,1905.0,953.0,953.0,18.0,0.0,0.0,1.0
3230000.0,63.953125,0.0,1000.0,0.06221171613638484,0.1069838971308906,3230000.0,0.0,1919.0,960.0,960.0,18.0,0.0,0.0,1.0
3240000.0,64.203125,0.0,1000.0,0.06412253892161772,0.11178466437811693,3240000.0,0.0,1929.0,965.0,965.0,18.0,0.0,0.0,1.0
3250000.0,64.453125,0.0,1000.0,0.0651817438831211,0.11576352307296248,3250000.0,0.0,1933.0,967.0,967.0,18.0,0.0,0.0,1.0
3260000.0,64.703125,0.0,1000.0,0.05664084742927308,0.09310093109820934,3260000.0,0.0,1939.0,970.0,970.0,18.0,0.0,0.0,1.0
3270000.0,64.953125,0.0,1000.0,0.0596577270646561,0.10067502727246563,3270000.0,0.0,1941.0,971.0,971.0,18.0,0.0,0.0,1.0
3280000.0,65.203125,0.0,1000.0,0.06053210028712286,0.10180442658219059,3280000.0,0.0,1947.0,974.0,974.0,18.0,0.0,0.0,1.0
3290000.0,65.453125,0.0,1000.0,0.06302926911711804,0.11301343133825845,3290000.0,0.0,1953.0,977.0,977.0,18.0,0.0,0.0,1.0
3300000.0,65.703125,0.0,1000.0,0.06440345376655611,0.11427691670983019,3300000.0,0.0,1961.0,981.0,981.0,18.0,0.0,0.0,1.0
3310000.0,65.953125,0.0,1000.0,0.06006157361886266,0.1010022649296607,3310000.0,0.0,1969.0,985.0,985.0,18.0,0.0,0.0,1.0
3320000.0,66.203125,0.0,1000.0,0.061644730487447404,0.1090237536750069,3320000.0,0.0,1979.0,990.0,990.0,18.0,0.0,0.0,1.0
3330000.0,66.453125,0.0,1000.0,0.06042498134812882,0.10562789977749192,3330000.0,0.0,1993.0,997.0,997.0,18.0,0.0,0.0,1.0
3340000.0,66.703125,0.0,1000.0,0.060654001105300996,0.10174134013456737,3340000.0,0.0,2003.0,1002.0,1002.0,18.0,0.0,0.0,1.0
3350000.0,66.96875,0.0,1000.0,0.055166317324773353,0.09639716234566005,3350000.0,0.0,2013.0,1007.0,1007.0,18.0,0.0,0.0,1.0
3360000.0,67.21875,0.0,1000.0,0.06284527198493634,0.10920311022863048,3360000.0,0.0,2033.0,1017.0,1017.0,18.0,0.0,0.0,1.0
3370000.0,67.453125,0.0,1000.0,0.05837633794886252,0.10320957971493128,3370000.0,0.0,2041.0,1021.0,1021.0,18.0,0.0,0.0,1.0
3380000.0,67.703125,0.0,1000.0,0.062099605961065556,0.10607730150133908,3380000.0,0.0,2049.0,1025.0,1025.0,18.0,0.0,0.0,1.0
3390000.0,67.96875,0.0,1000.0,0.05825726588894984,0.1003364623610222,3390000.0,0.0,2063.0,1032.0,1032.0,18.0,0.0,0.0,1.0
3400000.0,68.234375,0.0,1000.0,0.059777353795050475,0.09961627844406896,3400000.0,0.0,2075.0,1038.0,1038.0,18.0,0.0,0.0,1.0
3410000.0,68.484375,0.0,1000.0,0.05843091216761835,0.10062513105763495,3410000.0,0.0,2097.0,1049.0,1049.0,18.0,0.0,0.0,1.0
3420000.0,68.75,0.0,1000.0,0.05819236900171092,0.09811701742489341,3420000.0,0.0,2101.0,1051.0,1051.0,18.0,0.0,0.0,1.0
3430000.0,69.0,0.0,1000.0,0.06058785945542935,0.10645988803099266,3430000.0,0.0,2115.0,1058.0,1058.0,18.0,0.0,0.0,1.0
3440000.0,69.265625,0.0,1000.0,0.058319977799938125,0.1059044373945824,3440000.0,0.0,2129.0,1065.0,1065.0,18.0,0.0,0.0,1.0
3450000.0,69.53125,0.0,1000.0,0.06086907577890365,0.10640240691709416,3450000.0,0.0,2133.0,1067.0,1067.0,18.0,0.0,0.0,1.0
3460000.0,69.796875,0.0,1000.0,0.06012014057876359,0.10114409097300794,3460000.0,0.0,2139.0,1070.0,1070.0,18.0,0.0,0.0,1.0
3470000.0,70.046875,0.0,1000.0,0.0588105649045231,0.10034491587543147,3470000.0,0.0,2145.0,1073.0,1073.0,18.0,0.0,0.0,1.0
3480000.0,70.3125,0.0,1000.0,0.06263728690796583,0.10680017457492612,3480000.0,0.0,2147.0,1074.0,1074.0,18.0,0.0,0.0,1.0
3490000.0,70.5625,0.0,1000.0,0.06063681857797765,0.10345131447668805,3490000.0,0.0,2157.0,1079.0,1079.0,18.0,0.0,0.0,1.0
3500000.0,70.84375,0.0,1000.0,0.06031780590637788,0.1055657836500219,3500000.0,0.0,2171.0,1086.0,1086.0,18.0,0.0,0.0,1.0
3510000.0,71.109375,0.0,1000.0,0.058311398813154953,0.09481661030555075,3510000.0,0.0,2177.0,1089.0,1089.0,18.0,0.0,0.0,1.0
3520000.0,71.375,0.0,1000.0,0.062057626637547034,0.1051811471638094,3520000.0,0.0,2189.0,1095.0,1095.0,18.0,0.0,0.0,1.0
3530000.0,71.625,0.0,1000.0,0.06442079769658639,0.11836506983792779,3530000.0,0.0,2193.0,1097.0,1097.0,18.0,0.0,0.0,1.0
3540000.0,71.890625,0.0,1000.0,0.05805263434042404,0.10216065175826909,3540000.0,0.0,2199.0,1100.0,1100.0,18.0,0.0,0.0,1.0
3550000.0,72.15625,0.0,1000.0,0.06319421932196918,0.11083409704992377,3550000.0,0.0,2213.0,1107.0,1107.0,18.0,0.0,0.0,1.0
3560000.0,72.421875,0.0,1000.0,0.05872348476200881,0.10174540825270564,3560000.0,0.0,2219.0,1110.0,1110.0,18.0,0.0,0.0,1.0
3570000.0,72.6875,0.0,1000.0,0.05874704604798557,0.10196694580167914,3570000.0,0.0,2229.0,1115.0,1115.0,18.0,0.0,0.0,1.0
3580000.0,72.9375,0.0,1000.0,0.05651827152623472,0.09400277716238988,3580000.0,0.0,2237.0,1119.0,1119.0,18.0,0.0,0.0,1.0
3590000.0,73.1875,0.0,1000.0,0.058942145531835875,0.10210464593815463,3590000.0,0.0,2239.0,1120.0,1120.0,18.0,0.0,0.0,1.0
3600000.0,73.453125,0.0,1000.0,0.06114275221108454,0.10613234945920037,3600000.0,0.0,2249.0,1125.0,1125.0,18.0,0.0,0.0,1.0
3610000.0,73.71875,0.0,1000.0,0.06062445460832585,0.10245624588095795,3610000.0,0.0,2257.0,1129.0,1129.0,18.0,0.0,0.0,1.0
3620000.0,73.984375,0.0,1000.0,0.06135026452714404,0.10700977799038135,3620000.0,0.0,2263.0,1132.0,1132.0,18.0,0.0,0.0,1.0
3630000.0,74.25,0.0,1000.0,0.06225331938468779,0.11204987966142049,3630000.0,0.0,2269.0,1135.0,1135.0,18.0,0.0,0.0,1.0
3640000.0,74.53125,0.0,1000.0,0.06478320112404377,0.1118728270488771,3640000.0,0.0,2271.0,1136.0,1136.0,18.0,0.0,0.0,1.0
3650000.0,74.796875,0.0,1000.0,0.057105613648652735,0.09875475241458433,3650000.0,0.0,2277.0,1139.0,1139.0,18.0,0.0,0.0,1.0
3660000.0,75.0625,0.0,1000.0,0.06006274408167731,0.10570351192102624,3660000.0,0.0,2283.0,1142.0,1142.0,18.0,0.0,0.0,1.0
3670000.0,75.328125,0.0,1000.0,0.057301252237394025,0.10099765348290277,3670000.0,0.0,2295.0,1148.0,1148.0,18.0,0.0,0.0,1.0
3680000.0,75.609375,0.0,1000.0,0.062169676922349246,0.10929513769079838,3680000.0,0.0,2303.0,1152.0,1152.0,18.0,0.0,0.0,1.0
3690000.0,75.875,0.0,1000.0,0.061989611580925856,0.11168265431341912,3690000.0,0.0,2323.0,1162.0,1162.0,18.0,0.0,0.0,1.0
3700000.0,76.140625,0.0,1000.0,0.05538316970618171,0.09683191188465606,3700000.0,0.0,2331.0,1166.0,1166.0,18.0,0.0,0.0,1.0
3710000.0,76.421875,0.0,1000.0,0.06211202651214437,0.1064106208052955,3710000.0,0.0,2337.0,1169.0,1169.0,18.0,0.0,0.0,1.0
3720000.0,76.71875,0.0,1000.0,0.057053018938455165,0.09567976797373497,3720000.0,0.0,2345.0,1173.0,1173.0,18.0,0.0,0.0,1.0
3730000.0,77.0,0.0,1000.0,0.05720416346434811,0.09565090067798779,3730000.0,0.0,2351.0,1176.0,1176.0,18.0,0.0,0.0,1.0
3740000.0,77.28125,0.0,1000.0,0.055915546260175086,0.09211390568277021,3740000.0,0.0,2361.0,1181.0,1181.0,18.0,0.0,0.0,1.0
3750000.0,77.546875,0.0,1000.0,0.058078069172448926,0.10150630198114376,3750000.0,0.0,2361.0,1181.0,1181.0,18.0,0.0,0.0,1.0
3760000.0,77.828125,0.0,1000.0,0.061172240279775206,0.10562995278857097,3760000.0,0.0,2369.0,1185.0,1185.0,18.0,0.0,0.0,1.0
3770000.0,78.09375,0.0,1000.0,0.05543775703633024,0.09505586140067507,3770000.0,0.0,2379.0,1190.0,1190.0,18.0,0.0,0.0,1.0
3780000.0,78.375,0.0,1000.0,0.05759614844954554,0.09848070241301797,3780000.0,0.0,2385.0,1193.0,1193.0,18.0,0.0,0.0,1.0
3790000.0,78.640625,0.0,1000.0,0.05792234409759861,0.10525027764548352,3790000.0,0.0,2397.0,1199.0,1199.0,18.0,0.0,0.0,1.0
3800000.0,78.921875,0.0,1000.0,0.06093035144251693,0.10923144815936048,3800000.0,0.0,2399.0,1200.0,1200.0,18.0,0.0,0.0,1.0
3810000.0,79.1875,0.0,1000.0,0.062074137942859105,0.11029746391186927,3810000.0,0.0,2413.0,1207.0,1207.0,18.0,0.0,0.0,1.0
3820000.0,79.46875,0.0,1000.0,0.05892994982470309,0.09943547504208508,3820000.0,0.0,2431.0,1216.0,1216.0,18.0,0.0,0.0,1.0
3830000.0,79.75,0.0,1000.0,0.05892309938119861,0.0978736757503945,3830000.0,0.0,2455.0,1228.0,1228.0,18.0,0.0,0.0,1.0
3840000.0,80.015625,0.0,1000.0,0.0549354333782018,0.09451252772024106,3840000.0,0.0,2461.0,1231.0,1231.0,18.0,0.0,0.0,1.0
3850000.0,80.28125,0.0,1000.0,0.059893257444772224,0.10049283946471337,3850000.0,0.0,2469.0,1235.0,1235.0,18.0,0.0,0.0,1.0
3860000.0,80.5625,0.0,1000.0,0.05628865717223973,0.09966202252258599,3860000.0,0.0,2489.0,1245.0,1245.0,19.0,0.0,0.0,1.0
3870000.0,80.84375,0.0,1000.0,0.05535488580196129,0.09848521484670777,3870000.0,0.0,2511.0,1256.0,1256.0,19.0,0.0,0.0,1.0
3880000.0,81.125,0.0,1000.0,0.059381246319659256,0.10283357408509772,3880000.0,0.0,2521.0,1261.0,1261.0,19.0,0.0,0.0,1.0
3890000.0,81.40625,0.0,1000.0,0.05604196673776882,0.09823445809207287,3890000.0,0.0,2535.0,1268.0,1268.0,19.0,0.0,0.0,1.0
3900000.0,81.703125,0.0,1000.0,0.056813189567383265,0.09737795808527556,3900000.0,0.0,2557.0,1279.0,1279.0,19.0,0.0,0.0,1.0
3910000.0,81.96875,0.0,1000.0,0.05894760700983796,0.10146287197072032,3910000.0,0.0,2567.0,1284.0,1284.0,19.0,0.0,0.0,1.0
3920000.0,82.265625,0.0,1000.0,0.05682557166960858,0.09757818788856401,3920000.0,0.0,2585.0,1293.0,1293.0,19.0,0.0,0.0,1.0
3930000.0,82.546875,0.0,1000.0,0.05939557646244427,0.10134804132965765,3930000.0,0.0,2595.0,1298.0,1298.0,19.0,0.0,0.0,1.0
3940000.0,82.828125,0.0,1000.0,0.054883046213914356,0.09881082987874606,3940000.0,0.0,2601.0,1301.0,1301.0,19.0,0.0,0.0,1.0
3950000.0,83.09375,0.0,1000.0,0.05871689644332604,0.10334982842493519,3950000.0,0.0,2611.0,1306.0,1306.0,19.0,0.0,0.0,1.0
3960000.0,83.375,0.0,1000.0,0.06297279911826531,0.10888341583455036,3960000.0,0.0,2625.0,1313.0,1313.0,19.0,0.0,0.0,1.0
3970000.0,83.671875,0.0,1000.0,0.057429671257339346,0.09697325435199122,3970000.0,0.0,2635.0,1318.0,1318.0,19.0,0.0,0.0,1.0
3980000.0,83.953125,0.0,1000.0,0.054501466224355824,0.09424953325092134,3980000.0,0.0,2653.0,1327.0,1327.0,19.0,0.0,0.0,1.0
3990000.0,84.234375,0.0,1000.0,0.060650638311390566,0.10989360654860088,3990000.0,0.0,2665.0,1333.0,1333.0,19.0,0.0,0.0,1.0
4000000.0,84.515625,0.0,1000.0,0.061827785687997835,0.1084838938962993,4000000.0,0.0,2673.0,1337.0,1337.0,19.0,0.0,0.0,1.0
4010000.0,84.8125,0.0,1000.0,0.057974948993478284,0.1000783598703528,4010000.0,0.0,2681.0,1341.0,1341.0,19.0,0.0,0.0,1.0
4020000.0,85.109375,0.0,1000.0,0.057077317968199495,0.09817943876878342,4020000.0,0.0,2693.0,1347.0,1347.0,19.0,0.0,0.0,1.0
4030000.0,85.40625,0.0,1000.0,0.057921082103044384,0.10244899477414841,4030000.0,0.0,2699.0,1350.0,1350.0,19.0,0.0,0.0,1.0
4040000.0,85.6875,0.0,1000.0,0.055677967349489974,0.09642428398969631,4040000.0,0.0,2709.0,1355.0,1355.0,19.0,0.0,0.0,1.0
4050000.0,85.984375,0.0,1000.0,0.05769107864505427,0.09701138481616786,4050000.0,0.0,2719.0,1360.0,1360.0,19.0,0.0,0.0,1.0
4060000.0,86.28125,0.0,1000.0,0.06182236213011776,0.11452572342737315,4060000.0,0.0,2739.0,1370.0,1370.0,19.0,0.0,0.0,1.0
4070000.0,86.578125,0.0,1000.0,0.05825297093363306,0.1033490521687949,4070000.0,0.0,2743.0,1372.0,1372.0,19.0,0.0,0.0,1.0
4080000.0,86.875,0.0,1000.0,0.05410715415740013,0.09626887471471132,4080000.0,0.0,2757.0,1379.0,1379.0,19.0,0.0,0.0,1.0
4090000.0,87.171875,0.0,1000.0,0.05737055807793847,0.10291187318908397,4090000.0,0.0,2767.0,1384.0,1384.0,19.0,0.0,0.0,1.0
4100000.0,87.453125,0.0,1000.0,0.06350947098641593,0.10938115187417748,4100000.0,0.0,2771.0,1386.0,1386.0,19.0,0.0,0.0,1.0
4110000.0,87.734375,0.0,1000.0,0.06284935693584065,0.11722938784455272,4110000.0,0.0,2773.0,1387.0,1387.0,19.0,0.0,0.0,1.0
4120000.0,88.03125,0.0,1000.0,0.06065643038528831,0.11019363341333659,4120000.0,0.0,2793.0,1397.0,1397.0,19.0,0.0,0.0,1.0
4130000.0,88.34375,0.0,1000.0,0.05897197447212779,0.10208174752857142,4130000.0,0.0,2803.0,1402.0,1402.0,19.0,0.0,0.0,1.0
4140000.0,88.640625,0.0,1000.0,0.05744810313976561,0.09906173386493797,4140000.0,0.0,2811.0,1406.0,1406.0,19.0,0.0,0.0,1.0
4150000.0,88.9375,0.0,1000.0,0.05413875012800971,0.0932652333991071,4150000.0,0.0,2815.0,1408.0,1408.0,19.0,0.0,0.0,1.0
4160000.0,89.234375,0.0,1000.0,0.06165912577939543,0.10388492902516784,4160000.0,0.0,2821.0,1411.0,1411.0,19.0,0.0,0.0,1.0
4170000.0,89.515625,0.0,1000.0,0.055779508654327695,0.10296943009425899,4170000.0,0.0,2831.0,1416.0,1416.0,19.0,0.0,0.0,1.0
4180000.0,89.8125,0.0,1000.0,0.05824832874580385,0.10428537741180482,4180000.0,0.0,2839.0,1420.0,1420.0,19.0,0.0,0.0,1.0
4190000.0,90.109375,0.0,1000.0,0.05583360635277866,0.09174342246122386,4190000.0,0.0,2845.0,1423.0,1423.0,19.0,0.0,0.0,1.0
4200000.0,90.40625,0.0,1000.0,0.05783980101218143,0.09525798477728788,4200000.0,0.0,2851.0,1426.0,1426.0,19.0,0.0,0.0,1.0
4206321.0,90.640625,0.0,1000.0,0.06030173899524102,0.1043386640650949,4206321.0,0.0,2855.0,1428.0,1428.0,19.0,0.0,0.0,1.0
